Key;DE;EN;FR;IT;Review
common.next;Weiter;Continue;Continuer;Avanti;
common.back;Zurück;Back;Retour;Indietro;
common.yes;Ja;Yes;Oui;Sì;
common.no;Nein;No;Non;No;
common.unknown;Unbekannt;Unknown;Inconnu;Sconosciuto;
common.saved;Gespeichert · der Link in der Bestätigungsmail führt hierher zurück;Saved · the link in your confirmation email brings you back here;Enregistré · le lien dans l’e-mail de confirmation vous ramène ici;Salvato · il link nell’e-mail di conferma La riporta qui;
common.stepOf;Thema {n} von {total};Topic {n} of {total};Thème {n} sur {total};Tema {n} di {total};
common.language;Sprache;Language;Langue;Lingua;
start.title;Finanzierungsanfrage in wenigen Minuten.;Your financing request in a few minutes.;Votre demande de financement en quelques minutes.;La Sua richiesta di finanziamento in pochi minuti.;
start.lead;Du beantwortest ein paar Fragen. Wir sagen dir sofort, welche Unterlagen es braucht – und lesen sie danach für dich aus.;Answer a few questions. We tell you right away which documents are needed – and then read them for you.;Vous répondez à quelques questions. Nous vous indiquons immédiatement les documents nécessaires – puis nous les lisons pour vous.;Risponda ad alcune domande. Le indichiamo subito quali documenti servono – e poi li leggiamo per Lei.;
start.advisor.eyebrow;Für Berater und Partner;For advisors and partners;Pour conseillers et partenaires;Per consulenti e partner;
start.advisor.title;HYPOTEQ Berater;HYPOTEQ advisor;Conseiller HYPOTEQ;Consulente HYPOTEQ;
start.advisor.sub;Ich erfasse die Anfrage im Auftrag eines Kunden.;I am submitting the request on behalf of a client.;Je saisis la demande pour le compte d’un client.;Inserisco la richiesta per conto di un cliente.;
start.client.eyebrow;Für Eigentümer und Kaufende;For owners and buyers;Pour propriétaires et acheteurs;Per proprietari e acquirenti;
start.client.title;Kunde selbst;Client;Client;Cliente;
start.client.sub;Ich stelle meine eigene Finanzierungsanfrage.;I am submitting my own financing request.;Je dépose ma propre demande de financement.;Inoltro la mia richiesta di finanziamento.;
start.cta;Starten →;Start →;Commencer →;Inizia →;
start.claim;Hypotheken sind dank HYPOTEQ vergleichbar geworden. Ihr Berater ist hingegen einzigartig.®;Thanks to HYPOTEQ, mortgages have become comparable. Your advisor, however, is unique.®;Grâce à HYPOTEQ, les hypothèques sont devenues comparables. Votre conseiller, lui, est unique.®;Grazie a HYPOTEQ le ipoteche sono diventate confrontabili. Il Suo consulente, invece, è unico.®;
side.request;Anfrage;Request;Demande;Richiesta;
side.newRequest;Neue Anfrage;New request;Nouvelle demande;Nuova richiesta;
side.path;Fragepfad;Question path;Parcours;Percorso;
side.pathLine;6 Themen · ca. 4 Minuten · {done} erledigt;6 topics · approx. 4 minutes · {done} done;6 thèmes · env. 4 minutes · {done} terminés;6 temi · ca. 4 minuti · {done} completati;
side.now;Jetzt · {why};Now · {why};Maintenant · {why};Ora · {why};
side.docsCount;Unterlagen für diese Anfrage;documents for this request;documents pour cette demande;documenti per questa richiesta;
side.ownRequest;Eigene Anfrage;Own request;Demande personnelle;Richiesta personale;
side.submittedBy;Erfasst von {name};Submitted by {name};Saisi par {name};Inserito da {name};
side.newPartner;neuer Partner;new partner;nouveau partenaire;nuovo partner;
step.1;Allgemeines;General;Généralités;Informazioni generali;
step.2;Objekt;Property;Bien immobilier;Immobile;
step.3;Personen;Borrowers;Personnes;Persone;
step.4;Finanzierung;Financing;Financement;Finanziamento;
step.5;Unterlagen;Documents;Documents;Documenti;
step.6;Abschluss;Summary;Finalisation;Conclusione;
step.why.1;Antrag und Kontakt;Request and contact;Demande et contact;Richiesta e contatto;
step.why.2;Bestimmt die Objektunterlagen;Determines the property documents;Détermine les documents du bien;Determina i documenti dell’immobile;
step.why.3;Bestimmt die Personenunterlagen;Determines the borrower documents;Détermine les documents personnels;Determina i documenti personali;
step.why.4;Belehnung, Tragbarkeit, Eigenmittel;Loan-to-value, affordability, equity;Taux d’avance, capacité financière, fonds propres;Grado di anticipo, sostenibilità, fondi propri;
step.why.5;Wir lesen alles aus;We read everything for you;Nous lisons tout pour vous;Leggiamo tutto per Lei;
step.why.6;Prüfen und abschliessen;Review and submit;Vérifier et finaliser;Verificare e concludere;
s1.title;Neue Finanzierungsanfrage;New financing request;Nouvelle demande de financement;Nuova richiesta di finanziamento;
s1.lead;Ein paar Angaben zum Antrag – rechts siehst du sofort, welche Unterlagen daraus folgen.;A few details on the request – on the right you see right away which documents follow from them.;Quelques informations sur la demande – à droite, vous voyez immédiatement les documents qui en découlent.;Alcuni dati sulla richiesta – a destra vede subito quali documenti ne derivano.;
s1.advisor;Berater / Partner;Advisor / partner;Conseiller / partenaire;Consulente / partner;
s1.advisorEmail;Deine E-Mail;Your email;Votre e-mail;La Sua e-mail;
s1.advisorEmailHint;Mehr brauchen wir nicht – wir erkennen dich an der Adresse.;That’s all we need – we recognise you by your address.;C’est tout ce qu’il nous faut – nous vous reconnaissons grâce à votre adresse.;Non serve altro – La riconosciamo dall’indirizzo.;
s1.recognised;Erkannt;Recognised;Reconnu;Riconosciuto;
s1.noPartner.title;Noch kein Partner?;Not a partner yet?;Pas encore partenaire ?;Non è ancora partner?;
s1.noPartner.text;Diese Adresse kennen wir noch nicht. Erfasse dich in einer Minute – danach läuft die Anfrage ganz normal weiter.;We don’t know this address yet. Register in one minute – then the request continues as usual.;Nous ne connaissons pas encore cette adresse. Enregistrez-vous en une minute – la demande se poursuit ensuite normalement.;Non conosciamo ancora questo indirizzo. Si registri in un minuto – poi la richiesta prosegue normalmente.;
s1.noPartner.cta;Als Partner erfassen;Register as partner;S’enregistrer comme partenaire;Registrarsi come partner;
s1.noPartner.note;HYPOTEQ prüft die Angaben und meldet sich bei Rückfragen. Die Anfrage kannst du jetzt schon erfassen.;HYPOTEQ checks your details and will get in touch if there are questions. You can already enter the request now.;HYPOTEQ vérifie les informations et vous contacte en cas de questions. Vous pouvez déjà saisir la demande.;HYPOTEQ verifica i dati e La contatta in caso di domande. Può già inserire la richiesta.;
s1.firstName;Vorname;First name;Prénom;Nome;
s1.lastName;Nachname;Last name;Nom;Cognome;
s1.email;E-Mail;Email;E-mail;E-mail;
s1.phone;Telefon;Phone;Téléphone;Telefono;
s1.phoneCallback;Telefon für Rückfragen;Phone for queries;Téléphone pour questions;Telefono per domande;
s1.company;Firma;Company;Entreprise;Azienda;
s1.contactClient;Kontakt des Kunden;Client contact;Contact du client;Contatto del cliente;
s1.contactOwn;Dein Kontakt;Your contact details;Vos coordonnées;I Suoi dati di contatto;
s1.contactNote;Mehr brauchen wir jetzt nicht – Geburtsdatum, Adresse und Zivilstand lesen wir aus deinen Unterlagen.;That’s all for now – we read date of birth, address and marital status from your documents.;C’est tout pour l’instant – nous lisons la date de naissance, l’adresse et l’état civil dans vos documents.;Per ora basta così – data di nascita, indirizzo e stato civile li leggiamo dai Suoi documenti.;
q.anrede;Anrede;Salutation;Civilité;Appellativo;
opt.anrede.Herr;Herr;Mr;Monsieur;Signor;
opt.anrede.Frau;Frau;Ms;Madame;Signora;
q.antrag;Kreditantrag;Type of request;Type de demande;Tipo di richiesta;
opt.antrag.Neue Hypothek;Neue Hypothek;New mortgage;Nouvelle hypothèque;Nuova ipoteca;
opt.antrag.Ablösung;Ablösung;Refinancing;Refinancement;Rifinanziamento;
q.kn;Kreditnehmer;Borrower;Emprunteur;Mutuatario;
opt.kn.Natürliche Person;Natürliche Person;Private individual;Personne physique;Persona fisica;
opt.kn.Juristische Person;Juristische Person;Legal entity;Personne morale;Persona giuridica;
s2.title;Was finanzieren wir?;What are we financing?;Que finançons-nous ?;Che cosa finanziamo?;
s2.lead;Jede Antwort bestimmt, welche Unterlagen wir später brauchen. Nichts muss doppelt angegeben werden.;Each answer determines which documents we need later. Nothing has to be entered twice.;Chaque réponse détermine les documents dont nous aurons besoin. Rien n’est à saisir deux fois.;Ogni risposta determina i documenti necessari. Nulla va indicato due volte.;
s2.zip;PLZ;Postcode;NPA;NPA;
s2.city;Ort;Town;Localité;Località;
s2.fromDocs;Adresse, Baujahr und Grundbuchdaten lesen wir später aus den Unterlagen.;We read the address, year of construction and land register data from the documents later.;Nous lisons plus tard l’adresse, l’année de construction et les données du registre foncier dans les documents.;Indirizzo, anno di costruzione e dati del registro fondiario li leggiamo poi dai documenti.;
q.immo;Art der Immobilie;Type of property;Type de bien;Tipo di immobile;
opt.immo.Bestehende Immobilie;Bestehende Immobilie;Existing property;Bien existant;Immobile esistente;
opt.immo.Neubau;Neubau;New build;Construction neuve;Nuova costruzione;
opt.immo.Bauprojekt;Bauprojekt;Construction project;Projet de construction;Progetto di costruzione;
q.nbDocs;Liegen Grundbuchauszug und Gebäudeversicherungspolice bereits vor?;Are the land register extract and building insurance policy already available?;L’extrait du registre foncier et la police d’assurance bâtiment sont-ils déjà disponibles ?;L’estratto del registro fondiario e la polizza dell’assicurazione stabili sono già disponibili?;
q.nbDocs.hint;Bei Neubauten oft noch nicht – dann fragen wir sie später nach.;Often not yet for new builds – we will ask for them later.;Souvent pas encore pour une construction neuve – nous les demanderons plus tard.;Per le nuove costruzioni spesso non ancora – li richiederemo più tardi.;
q.lieg;Art der Liegenschaft;Type of ownership;Type d’objet;Tipo di proprietà;
opt.lieg.Einfamilienhaus;Einfamilienhaus;Detached house;Maison individuelle;Casa unifamiliare;
opt.lieg.Stockwerkeigentum;Stockwerkeigentum;Condominium (STWE);Propriété par étages (PPE);Proprietà per piani (PPP);
opt.lieg.Mehrfamilienhaus;Mehrfamilienhaus;Multi-family house;Immeuble locatif;Casa plurifamiliare;
opt.lieg.Ferienobjekt;Ferienobjekt;Holiday property;Résidence de vacances;Casa di vacanza;
q.nutz;Nutzung der Immobilie;Use of the property;Utilisation du bien;Utilizzo dell’immobile;
opt.nutz.Selbstbewohnt;Selbstbewohnt;Owner-occupied;Habité par le propriétaire;Abitato dal proprietario;
opt.nutz.Vermietet;Vermietet;Rented out;Loué;Locato;
opt.nutz.Zweitwohnsitz;Zweitwohnsitz;Second home;Résidence secondaire;Residenza secondaria;
q.heizung;Heizungsart;Heating;Type de chauffage;Tipo di riscaldamento;
q.heizung.hint;Für mögliche Öko-Konditionen der Banken. «Unbekannt» ist erlaubt – wir prüfen es in den Unterlagen.;For possible green conditions from the banks. “Unknown” is fine – we check it in the documents.;Pour d’éventuelles conditions écologiques des banques. « Inconnu » est accepté – nous le vérifions dans les documents.;Per eventuali condizioni ecologiche delle banche. «Sconosciuto» è ammesso – lo verifichiamo nei documenti.;
opt.heizung.Wärmepumpe;Wärmepumpe;Heat pump;Pompe à chaleur;Pompa di calore;
opt.heizung.Fernwärme;Fernwärme;District heating;Chauffage à distance;Teleriscaldamento;
opt.heizung.Holz / Pellets;Holz / Pellets;Wood / pellets;Bois / pellets;Legna / pellet;
opt.heizung.Gas;Gas;Gas;Gaz;Gas;
opt.heizung.Öl;Öl;Oil;Mazout;Olio combustibile;
q.baurecht;Ist die Liegenschaft im Baurecht?;Is the property held under a building right?;Le bien est-il grevé d’un droit de superficie ?;L’immobile è gravato da un diritto di superficie?;
s2.existingMortgage;Bestehende Hypothek;Existing mortgage;Hypothèque existante;Ipoteca esistente;
s2.existingMortgageHint;Bank, Produkt und Ablösedatum lesen wir aus der Zinsabrechnung.;We read the bank, product and maturity date from the interest statement.;Nous lisons la banque, le produit et la date d’échéance dans le décompte d’intérêts.;Banca, prodotto e data di scadenza li leggiamo dal conteggio degli interessi.;
q.aufstockung;Soll die Hypothek erhöht werden?;Should the mortgage be increased?;L’hypothèque doit-elle être augmentée ?;L’ipoteca deve essere aumentata?;
s2.increase;Gewünschte Erhöhung;Requested increase;Augmentation souhaitée;Aumento desiderato;
s2.purpose;Verwendungszweck der Erhöhung;Purpose of the increase;Affectation de l’augmentation;Scopo dell’aumento;
s2.purposePh;Wofür wird die Erhöhung verwendet?;What will the increase be used for?;À quoi servira l’augmentation ?;A che cosa servirà l’aumento?;
s2.price;Kaufpreis;Purchase price;Prix d’achat;Prezzo d’acquisto;
q.reno;Gibt es Renovationen oder Mehrausgaben zum Kaufpreis?;Are there renovations or costs on top of the purchase price?;Y a-t-il des rénovations ou des frais en plus du prix d’achat ?;Ci sono ristrutturazioni o costi aggiuntivi al prezzo d’acquisto?;
q.reserviert;Ist die Liegenschaft bereits reserviert?;Is the property already reserved?;Le bien est-il déjà réservé ?;L’immobile è già riservato?;
q.angebote;Bestehen bereits Finanzierungsangebote?;Are there already financing offers?;Existe-t-il déjà des offres de financement ?;Esistono già offerte di finanziamento?;
s3.title;Wer finanziert?;Who is financing?;Qui finance ?;Chi finanzia?;
s3.lead;Pro Kreditnehmer brauchen wir dieselben Unterlagen. Zusatzfragen ergänzen die Liste nur, wenn sie zutreffen.;We need the same documents per borrower. Additional questions only add to the list if they apply.;Nous avons besoin des mêmes documents par emprunteur. Les questions complémentaires n’ajoutent des documents que si elles s’appliquent.;Per ogni mutuatario servono gli stessi documenti. Le domande aggiuntive ampliano l’elenco solo se pertinenti.;
s3.borrower;Kreditnehmer {n};Borrower {n};Emprunteur {n};Mutuatario {n};
s3.income;Bruttoeinkommen pro Jahr;Gross annual income;Revenu annuel brut;Reddito annuo lordo;
s3.incomeHint;Geburtsdatum, Adresse und Arbeitgeber lesen wir aus ID und Lohnausweis.;We read date of birth, address and employer from the ID and salary certificate.;Nous lisons la date de naissance, l’adresse et l’employeur dans la pièce d’identité et le certificat de salaire.;Data di nascita, indirizzo e datore di lavoro li leggiamo dal documento d’identità e dal certificato di salario.;
s3.addBorrower;Kreditnehmer hinzufügen;Add borrower;Ajouter un emprunteur;Aggiungi mutuatario;
s3.companyName;Firmenname gemäss Handelsregister;Company name as per commercial register;Raison sociale selon le registre du commerce;Ragione sociale secondo il registro di commercio;
s3.signatory;Zeichnungsberechtigte Person;Authorised signatory;Personne autorisée à signer;Persona con diritto di firma;
s3.jpNote;UID, Sitz und Zeichnungsberechtigung lesen wir aus dem Handelsregisterauszug.;We read the UID, registered office and signing authority from the commercial register extract.;Nous lisons l’IDE, le siège et le droit de signature dans l’extrait du registre du commerce.;IDI, sede e diritto di firma li leggiamo dall’estratto del registro di commercio.;
q.job;Beschäftigung;Employment;Activité professionnelle;Attività lavorativa;
q.job.hint;Selbständige reichen Jahresabschlüsse statt Lohnausweise ein.;Self-employed people submit annual accounts instead of salary certificates.;Les indépendants fournissent leurs comptes annuels au lieu des certificats de salaire.;Gli indipendenti presentano i conti annuali al posto dei certificati di salario.;
opt.job.Angestellt;Angestellt;Employed;Salarié;Dipendente;
opt.job.Selbständig;Selbständig;Self-employed;Indépendant;Indipendente;
opt.job.Pensioniert;Pensioniert;Retired;Retraité;Pensionato;
q.pkSe;Pensionskasse vorhanden?;Pension fund in place?;Caisse de pension existante ?;Cassa pensione presente?;
q.ab50;Ist ein Kreditnehmer 50 Jahre oder älter?;Is any borrower 50 or older?;Un emprunteur a-t-il 50 ans ou plus ?;Un mutuatario ha 50 anni o più?;
q.ab50.hint;Bei Ja: Rentenvorausberechnung (AHV) und Vorsorgewerte 3. Säule.;If yes: AHV pension forecast and pillar 3 values.;Si oui : calcul anticipé de la rente AVS et valeurs du 3e pilier.;In caso affermativo: calcolo anticipato della rendita AVS e valori del 3° pilastro.;
q.kinder;Gibt es Kinder?;Are there children?;Y a-t-il des enfants ?;Ci sono figli?;
q.unterhalt;Werden Unterhaltszahlungen geleistet?;Are maintenance payments being made?;Des pensions alimentaires sont-elles versées ?;Vengono versati alimenti?;
q.kredite;Gibt es laufende Privatkredite?;Are there any personal loans?;Y a-t-il des crédits privés en cours ?;Ci sono crediti privati in corso?;
q.kredite.hint;Privatkredite sind ZEK-relevant. Früh angegeben verhindert Rückfragen der Bank.;Personal loans are reported to the ZEK credit bureau. Stating them early avoids queries from the bank.;Les crédits privés sont inscrits à la ZEK. Les indiquer tôt évite les questions de la banque.;I crediti privati sono registrati presso la ZEK. Indicarli subito evita domande della banca.;
q.leasing;Gibt es Leasings?;Are there any leases?;Y a-t-il des leasings ?;Ci sono leasing?;
q.buerge;Braucht es eine Solidarbürgschaft?;Is a joint and several guarantee needed?;Un cautionnement solidaire est-il nécessaire ?;È necessaria una fideiussione solidale?;
s3.guarantorName;Solidarbürge · Vorname Name;Guarantor · first and last name;Caution solidaire · prénom nom;Fideiussore solidale · nome cognome;
s4.title;Finanzierung;Financing;Financement;Finanziamento;
s4.value;Geschätzter Objektwert;Estimated property value;Valeur estimée du bien;Valore stimato dell’immobile;
s4.valueHint;Schätzung, letzter Kaufpreis oder Verkehrswert;Estimate, last purchase price or market value;Estimation, dernier prix d’achat ou valeur vénale;Stima, ultimo prezzo d’acquisto o valore venale;
s4.householdIncome;Bruttoeinkommen Haushalt;Gross household income;Revenu brut du ménage;Reddito lordo dell’economia domestica;
s4.fromStep3;Aus Schritt 3 übernommen;Taken from step 3;Repris de l’étape 3;Ripreso dal passo 3;
s4.total;Gesamtfinanzierung;Total financing;Financement total;Finanziamento totale;
s4.need;Geschätzter Hypothekbedarf;Estimated mortgage requirement;Besoin hypothécaire estimé;Fabbisogno ipotecario stimato;
s4.ltv;Belehnung;Loan-to-value;Taux d’avance;Grado di anticipo;
s4.ltvHint;Maximal 80 % des Objektwerts;Max. 80 % of the property value;Max. 80 % de la valeur du bien;Max. 80 % del valore dell’immobile;
s4.aff;Tragbarkeit;Affordability;Capacité financière;Sostenibilità finanziaria;
s4.affHint;Kalkulatorisch 5 % Zins, Amortisation, 1 % Nebenkosten · max. 33 %;Imputed 5 % interest, amortisation, 1 % running costs · max. 33 %;Intérêt théorique 5 %, amortissement, 1 % frais accessoires · max. 33 %;Interesse teorico 5 %, ammortamento, 1 % spese accessorie · max. 33 %;
s4.verdict.ok;Finanzierung möglich;Financing possible;Financement possible;Finanziamento possibile;
s4.verdict.check;Prüfung nötig;Review needed;Vérification nécessaire;Verifica necessaria;
s4.verdict.missing;Angaben ergänzen;Complete the details;Compléter les informations;Completare i dati;
q.laufzeit;Gewünschte Laufzeit;Preferred term;Durée souhaitée;Durata desiderata;
opt.laufzeit.SARON;SARON;SARON;SARON;SARON;
opt.laufzeit.2 Jahre;2 Jahre;2 years;2 ans;2 anni;
opt.laufzeit.3 Jahre;3 Jahre;3 years;3 ans;3 anni;
opt.laufzeit.5 Jahre;5 Jahre;5 years;5 ans;5 anni;
opt.laufzeit.10 Jahre;10 Jahre;10 years;10 ans;10 anni;
opt.laufzeit.Mix;Mix;Mix;Mix;Mix;
q.s3a;Vorsorgeguthaben Säule 3a vorhanden?;Pillar 3a savings available?;Avoir de prévoyance du pilier 3a disponible ?;Averi di previdenza del pilastro 3a disponibili?;
q.s3a.hint;Bei Ja: Bescheinigung und Police inkl. Wertmitteilung.;If yes: certificate and policy incl. value statement.;Si oui : attestation et police avec relevé de valeur.;In caso affermativo: attestato e polizza con comunicazione del valore.;
s4.equityVia;Entsteht ein Teil der Eigenmittel über …;Does part of the equity come from …;Une partie des fonds propres provient-elle de …;Una parte dei fondi propri proviene da …;
q.schenkung;Schenkung;Gift;Donation;Donazione;
q.erbe;Erbschaft / Erbvorbezug;Inheritance / advance on inheritance;Héritage / avancement d’hoirie;Eredità / anticipo ereditario;
q.darlehen;Darlehen;Loan;Prêt;Prestito;
q.pk;Pensionskasse (Vorbezug oder Verpfändung);Pension fund (withdrawal or pledge);Caisse de pension (versement anticipé ou mise en gage);Cassa pensione (prelievo anticipato o costituzione in pegno);
s4.comments;Kommentare;Comments;Commentaires;Commenti;
s4.commentsPh;Was die Bank sonst noch wissen sollte;Anything else the bank should know;Ce que la banque devrait encore savoir;Cos’altro dovrebbe sapere la banca;
s5.title;Unterlagen hochladen;Upload documents;Télécharger les documents;Caricare i documenti;
s5.lead;Alles auf einmal, in beliebiger Reihenfolge. HYPOTEQ erkennt jedes Dokument, ordnet es zu und liest die relevanten Angaben aus.;All at once, in any order. HYPOTEQ recognises each document, assigns it and reads the relevant details.;Tout en une fois, dans n’importe quel ordre. HYPOTEQ reconnaît chaque document, l’attribue et en extrait les informations utiles.;Tutto in una volta, in qualsiasi ordine. HYPOTEQ riconosce ogni documento, lo assegna e ne legge i dati rilevanti.;
s5.drop;Dateien oder Ordner hier ablegen;Drop files or folders here;Déposez fichiers ou dossiers ici;Trascini qui file o cartelle;
s5.dropSub;PDF, JPG, PNG. Ganze Ordner sind möglich. Du musst nicht angeben, was welches Dokument ist.;PDF, JPG, PNG. Whole folders are fine. You don’t need to say which document is which.;PDF, JPG, PNG. Les dossiers complets sont acceptés. Inutile d’indiquer de quel document il s’agit.;PDF, JPG, PNG. Sono ammesse intere cartelle. Non serve indicare di quale documento si tratta.;
s5.pick;Oder klicken, um Dateien auszuwählen;Or click to select files;Ou cliquez pour sélectionner des fichiers;Oppure clicchi per selezionare i file;
s5.completeness;Vollständigkeit;Completeness;Exhaustivité;Completezza;
s5.fulfilled;{ok} von {total} Anforderungen erfüllt;{ok} of {total} requirements met;{ok} sur {total} exigences remplies;{ok} di {total} requisiti soddisfatti;
s5.missingN;{n} fehlen noch.;{n} still missing.;{n} manquent encore.;Ne mancano ancora {n}.;
s5.details;Details;Details;Détails;Dettagli;
s5.more;Mehr;More;Plus;Altro;
s5.close;Schliessen;Close;Fermer;Chiudi;
s5.recognisedFields;Erkannte Angaben;Recognised details;Informations reconnues;Dati riconosciuti;
s5.crossCheck;Abgleich mit deinen Angaben;Check against your details;Comparaison avec vos informations;Confronto con i Suoi dati;
s5.funnel;Funnel;Form;Formulaire;Modulo;
s5.document;Dokument;Document;Document;Documento;
s5.audit;Audit Trail;Audit trail;Journal d’audit;Registro di controllo;
s5.otherFiles;Weitere Dateien;Other files;Autres fichiers;Altri file;
s5.reading;Wird gelesen …;Reading …;Lecture en cours …;Lettura in corso …;
s5.notUploaded;Noch nicht hochgeladen;Not uploaded yet;Pas encore téléchargé;Non ancora caricato;
s5.markedNone;Als «nicht vorhanden» markiert;Marked as “not available”;Marqué « non disponible »;Contrassegnato come «non disponibile»;
s5.filesOf;{n} von {total} Dateien;{n} of {total} files;{n} sur {total} fichiers;{n} di {total} file;
act.upload;Hochladen;Upload;Télécharger;Carica;
act.dontHave;Habe ich nicht;I don’t have this;Je ne l’ai pas;Non ce l’ho;
act.uploadCurrent;Aktuellen Auszug hochladen;Upload current extract;Télécharger un extrait actuel;Carica un estratto aggiornato;
act.useAnyway;Trotzdem verwenden;Use anyway;Utiliser quand même;Usa comunque;
act.view;Dokument ansehen;View document;Voir le document;Visualizza documento;
act.uploadAnyway;Doch hochladen;Upload after all;Télécharger quand même;Carica comunque;
act.dismissDoc;Dokument nicht verwenden;Don’t use document;Ne pas utiliser le document;Non utilizzare il documento;
act.setYes;Ja, Antwort auf «Ja» setzen;Yes, set answer to “Yes”;Oui, mettre la réponse sur « Oui »;Sì, impostare la risposta su «Sì»;
state.missing;Fehlt;Missing;Manquant;Mancante;
state.analysing;Wird gelesen;Reading;En lecture;In lettura;
state.partial;Teilweise;Partial;Partiel;Parziale;
state.ok;Erkannt;Recognised;Reconnu;Riconosciuto;
state.outdated;Veraltet;Outdated;Périmé;Scaduto;
state.skipped;Nicht vorhanden;Not available;Non disponible;Non disponibile;
state.surplus;Überzählig;Surplus;Excédentaire;In eccesso;
state.duplicate;Duplikat;Duplicate;Doublon;Duplicato;
state.notneeded;Nicht benötigt;Not needed;Non requis;Non necessario;
state.unknown;Nicht erkannt;Not recognised;Non reconnu;Non riconosciuto;
state.check;Prüfen;Review;À vérifier;Da verificare;
why.required;Pflicht;Required;Obligatoire;Obbligatorio;
why.perBorrower;Pflicht · pro Kreditnehmer;Required · per borrower;Obligatoire · par emprunteur;Obbligatorio · per mutuatario;
why.ifAvailable;Falls vorhanden;If available;Si disponible;Se disponibile;
why.because;weil: {reason};because: {reason};car : {reason};perché: {reason};
grp.objekt;Zum Objekt;Property;Bien immobilier;Immobile;
grp.hypothek;Bestehende Hypothek;Existing mortgage;Hypothèque existante;Ipoteca esistente;
grp.person;Zur Person;Borrowers;Personnes;Persone;
grp.eigenmittel;Eigenmittel & Vorsorge;Equity & pension;Fonds propres & prévoyance;Fondi propri & previdenza;
doc.fotos;Fotos der Immobilie (innen und aussen);Photos of the property (interior and exterior);Photos du bien (intérieur et extérieur);Foto dell’immobile (interno ed esterno);
doc.verkaufsdoku;Verkaufsdokumentation;Sales documentation;Documentation de vente;Documentazione di vendita;
doc.stwe_plan;Bau- / Grundrisspläne inkl. Nettowohnfläche;Building / floor plans incl. net living area;Plans de construction / d’étage avec surface habitable nette;Piani di costruzione / planimetrie con superficie abitabile netta;
doc.grundbuch;Aktueller Grundbuchauszug (max. 6 Monate);Current land register extract (max. 6 months old);Extrait actuel du registre foncier (max. 6 mois);Estratto aggiornato del registro fondiario (max. 6 mesi);
doc.gvz;Aktuelle Gebäudeversicherungspolice (inkl. Kubatur);Current building insurance policy (incl. cubic volume);Police d’assurance bâtiment actuelle (avec cubage);Polizza aggiornata dell’assicurazione stabili (incl. cubatura);
doc.kaufvertrag;Kaufvertrag (Entwurf oder Original);Purchase agreement (draft or original);Contrat de vente (projet ou original);Contratto di compravendita (bozza o originale);
doc.reservation;Reservationsvertrag;Reservation agreement;Contrat de réservation;Contratto di riservazione;
doc.reservation_zahlung;Nachweis Reservationszahlung (Bankauszug);Proof of reservation payment (bank statement);Justificatif du paiement de réservation (relevé bancaire);Prova del pagamento di riservazione (estratto bancario);
doc.baubewilligung;Baubewilligung;Building permit;Permis de construire;Licenza edilizia;
doc.projekt;Projektpläne, Baubeschrieb und Werkvertrag inkl. Kostenzusammenzug und Kubatur;Project plans, construction description and contract incl. cost summary and cubic volume;Plans du projet, descriptif de construction et contrat d’entreprise avec récapitulatif des coûts et cubage;Piani di progetto, descrizione della costruzione e contratto d’appalto incl. riepilogo dei costi e cubatura;
doc.stwe_regl;Begründungsakt mit Wertquoten · Nutzungs- und Verwaltungsreglement;Deed of establishment with value quotas · use and management regulations;Acte constitutif avec quotes-parts · règlement d’utilisation et d’administration;Atto costitutivo con quote di valore · regolamento d’uso e d’amministrazione;
doc.ef;Angaben zum Erneuerungsfonds;Renovation fund details;Informations sur le fonds de rénovation;Informazioni sul fondo di rinnovamento;
doc.mieterspiegel;Aktueller Mieterspiegel inkl. Mietzinsaufstellung;Current tenancy schedule incl. rental income;État locatif actuel avec détail des loyers;Stato locativo aggiornato incl. elenco delle pigioni;
doc.baurecht;Baurechtsvertrag;Building right agreement;Contrat de droit de superficie;Contratto di diritto di superficie;
doc.angebote;Bestehende Finanzierungsangebote;Existing financing offers;Offres de financement existantes;Offerte di finanziamento esistenti;
doc.hyp_rahmen;Aktueller Hypothekarvertrag (Rahmenvertrag);Current mortgage agreement (framework agreement);Contrat hypothécaire actuel (contrat-cadre);Contratto ipotecario attuale (contratto quadro);
doc.hyp_sicher;Sicherungsvereinbarung / Schuldbrief;Security agreement / mortgage note;Convention de garantie / cédule hypothécaire;Convenzione di garanzia / cartella ipotecaria;
doc.hyp_zins;Letzte Zinsabrechnung;Latest interest statement;Dernier décompte d’intérêts;Ultimo conteggio degli interessi;
doc.vollmacht;HYPOTEQ Auskunftsermächtigung;HYPOTEQ information authorisation;Autorisation de renseignements HYPOTEQ;Autorizzazione a fornire informazioni HYPOTEQ;
doc.id;Pass / Identitätskarte;Passport / ID card;Passeport / carte d’identité;Passaporto / carta d’identità;
doc.lohnausweise;Lohnausweise der letzten 3 Jahre;Salary certificates for the last 3 years;Certificats de salaire des 3 dernières années;Certificati di salario degli ultimi 3 anni;
doc.lohnabrechnungen;Letzte 3 Monatslohnabrechnungen;Last 3 monthly payslips;3 dernières fiches de salaire mensuelles;Ultimi 3 conteggi salariali mensili;
doc.anstellung;Anstellungsvertrag;Employment contract;Contrat de travail;Contratto di lavoro;
doc.pk;Pensionskassenausweis;Pension fund certificate;Certificat de caisse de pension;Certificato della cassa pensione;
doc.abschluss_se;Bilanz und Erfolgsrechnung (inkl. Revisionsbericht) der letzten 3 Jahre;Balance sheet and income statement (incl. audit report) for the last 3 years;Bilan et compte de résultat (avec rapport de révision) des 3 dernières années;Bilancio e conto economico (incl. rapporto di revisione) degli ultimi 3 anni;
doc.rente;Rentenbescheinigung (PK, AHV);Pension certificate (pension fund, AHV);Attestation de rente (LPP, AVS);Attestato di rendita (LPP, AVS);
doc.steuer;Aktuelle Steuererklärung;Latest tax return;Dernière déclaration d’impôt;Ultima dichiarazione d’imposta;
doc.ahv_voraus;Rentenvorausberechnung (AHV);AHV pension forecast;Calcul anticipé de la rente AVS;Calcolo anticipato della rendita AVS;
doc.unterhalt;Unterhaltsvereinbarung;Maintenance agreement;Convention d’entretien;Convenzione di mantenimento;
doc.kredit;Kreditverträge (Privatkredite);Loan agreements (personal loans);Contrats de crédit (crédits privés);Contratti di credito (crediti privati);
doc.leasing;Leasingverträge;Lease agreements;Contrats de leasing;Contratti di leasing;
doc.b_id;Solidarbürge · Pass / ID;Guarantor · passport / ID;Caution solidaire · passeport / pièce d’identité;Fideiussore solidale · passaporto / carta d’identità;
doc.b_steuer;Solidarbürge · aktuelle Steuererklärung;Guarantor · latest tax return;Caution solidaire · dernière déclaration d’impôt;Fideiussore solidale · ultima dichiarazione d’imposta;
doc.b_lohn;Solidarbürge · Lohnausweise 3 Jahre;Guarantor · salary certificates 3 years;Caution solidaire · certificats de salaire 3 ans;Fideiussore solidale · certificati di salario 3 anni;
doc.hr;Aktueller Handelsregisterauszug;Current commercial register extract;Extrait actuel du registre du commerce;Estratto aggiornato del registro di commercio;
doc.wb;Pass / ID der zeichnungsberechtigten Person;Passport / ID of the authorised signatory;Passeport / pièce d’identité de la personne autorisée à signer;Passaporto / carta d’identità della persona con diritto di firma;
doc.jahresabschluss;Jahresabschlüsse (Bilanz und Erfolgsrechnung) der letzten 3 Jahre;Annual accounts (balance sheet and income statement) for the last 3 years;Comptes annuels (bilan et compte de résultat) des 3 dernières années;Conti annuali (bilancio e conto economico) degli ultimi 3 anni;
doc.zwischenbilanz;Aktuelle Zwischenbilanz;Current interim balance sheet;Bilan intermédiaire actuel;Bilancio intermedio aggiornato;
doc.betreibung;Aktueller Betreibungsauszug;Current debt enforcement extract;Extrait actuel du registre des poursuites;Estratto aggiornato del registro delle esecuzioni;
doc.steuer_jp;Aktuelle Steuererklärung der Gesellschaft;Latest company tax return;Dernière déclaration d’impôt de la société;Ultima dichiarazione d’imposta della società;
doc.vermoegen;Aufstellung und Nachweis der Eigenmittel;Statement and proof of equity;Récapitulatif et justificatif des fonds propres;Riepilogo e prova dei fondi propri;
doc.s3a;Säule 3a Bescheinigung;Pillar 3a certificate;Attestation du pilier 3a;Attestato del pilastro 3a;
doc.police;Vorsorgepolice 3a inkl. Wertmitteilung;Pillar 3a policy incl. value statement;Police de prévoyance 3a avec relevé de valeur;Polizza di previdenza 3a con comunicazione del valore;
doc.pkvorbezug;Bestätigung PK-Vorbezug / Verpfändung;Confirmation of pension fund withdrawal / pledge;Confirmation du versement anticipé / de la mise en gage LPP;Conferma del prelievo anticipato / della costituzione in pegno LPP;
doc.schenkung;Schenkungsvertrag;Deed of gift;Contrat de donation;Contratto di donazione;
doc.erbe;Erbschaftsbestätigung;Certificate of inheritance;Certificat d’héritier;Certificato ereditario;
doc.darlehen;Darlehensvertrag;Loan agreement;Contrat de prêt;Contratto di prestito;
sug.loan.title;Wir haben einen Kredit- oder Leasingvertrag erkannt.;We recognised a loan or lease agreement.;Nous avons reconnu un contrat de crédit ou de leasing.;Abbiamo riconosciuto un contratto di credito o di leasing.;
sug.loan.text;Deine Angabe «Privatkredite» bzw. «Leasings» steht auf Nein. Soll sie auf Ja gesetzt werden?;Your answer for “personal loans” or “leases” is No. Should it be set to Yes?;Votre réponse « crédits privés » ou « leasings » est Non. Faut-il la mettre sur Oui ?;La Sua risposta «crediti privati» o «leasing» è No. Va impostata su Sì?;
sug.maint.title;Wir haben eine Unterhaltsvereinbarung erkannt.;We recognised a maintenance agreement.;Nous avons reconnu une convention d’entretien.;Abbiamo riconosciuto una convenzione di mantenimento.;
sug.maint.text;Deine Angaben zu Kindern bzw. Unterhaltszahlungen stehen auf Nein. Sollen beide auf Ja gesetzt werden?;Your answers on children and maintenance payments are No. Should both be set to Yes?;Vos réponses sur les enfants et les pensions sont Non. Faut-il les mettre sur Oui ?;Le Sue risposte su figli e alimenti sono No. Vanno impostate su Sì?;
sug.3a.title;Wir haben Säule-3a-Unterlagen erkannt.;We recognised pillar 3a documents.;Nous avons reconnu des documents du pilier 3a.;Abbiamo riconosciuto documenti del pilastro 3a.;
sug.3a.text;Deine Angabe «Säule 3a» steht auf Nein. Soll sie auf Ja gesetzt werden?;Your answer for “pillar 3a” is No. Should it be set to Yes?;Votre réponse « pilier 3a » est Non. Faut-il la mettre sur Oui ?;La Sua risposta «pilastro 3a» è No. Va impostata su Sì?;
sug.stwe.title;Wir haben STWE-Unterlagen erkannt.;We recognised condominium documents.;Nous avons reconnu des documents de PPE.;Abbiamo riconosciuto documenti della PPP.;
sug.stwe.text;Die Liegenschaft ist nicht als Stockwerkeigentum erfasst. Soll die Art der Liegenschaft angepasst werden?;The property is not recorded as a condominium. Should the type be changed?;Le bien n’est pas saisi comme PPE. Faut-il adapter le type d’objet ?;L’immobile non è registrato come PPP. Va modificato il tipo?;
toast.done;{files} Dateien verarbeitet, {req} Anforderungen erfüllt;{files} files processed, {req} requirements met;{files} fichiers traités, {req} exigences remplies;{files} file elaborati, {req} requisiti soddisfatti;
toast.fields;{n} Angaben ausgelesen;{n} details extracted;{n} informations extraites;{n} dati estratti;
toast.corrected;Antwort korrigiert – Dokumente zugeordnet;Answer corrected – documents assigned;Réponse corrigée – documents attribués;Risposta corretta – documenti assegnati;
s6.titleOk;Das können wir finanzieren. Jetzt zur Bank.;We can finance this. On to the bank.;Nous pouvons financer ce projet. Place à la banque.;Possiamo finanziarlo. Ora alla banca.;
s6.title;Letzter Blick auf die Anfrage;Final look at the request;Dernier coup d’œil sur la demande;Ultimo sguardo alla richiesta;
s6.leadMissing;Fast fertig – {n} Dokument(e) fehlen noch. Der Fall kann trotzdem abgeschlossen werden, fehlende Unterlagen werden nachgereicht.;"Almost done – {n} document(s) still missing. The case can still be submitted; missing documents will follow.";Presque terminé – {n} document(s) manquent encore. Le dossier peut tout de même être finalisé, les documents manquants suivront.;Quasi finito – mancano ancora {n} documento/i. La pratica può comunque essere conclusa, i documenti mancanti seguiranno.;
s6.leadOk;Alle Angaben und Unterlagen sind vollständig.;All details and documents are complete.;Toutes les informations et tous les documents sont complets.;Tutti i dati e i documenti sono completi.;
s6.hints;Hinweise an die Bank · {n};Notes for the bank · {n};Remarques pour la banque · {n};Note per la banca · {n};
s6.hint;Hinweis;Note;Remarque;Nota;
s6.checks;Die Prüfung dahinter;The review behind it;La vérification;La verifica;
s6.check.antrag;Antrag;Request;Demande;Richiesta;
s6.check.objekt;Objekt;Property;Bien;Immobile;
s6.check.kreditnehmer;Kreditnehmer;Borrowers;Emprunteurs;Mutuatari;
s6.check.trag;Tragbarkeit und Belehnung;Affordability and loan-to-value;Capacité financière et taux d’avance;Sostenibilità e grado di anticipo;
s6.check.docs;Unterlagen;Documents;Documents;Documenti;
s6.check.fromDocs;Aus Dokumenten übernommen;Taken from documents;Repris des documents;Ripreso dai documenti;
s6.fromDocsLine;{n} Angaben ausgelesen statt abgefragt · {m} manuell bestätigt;{n} details extracted instead of asked · {m} confirmed manually;{n} informations extraites au lieu d’être demandées · {m} confirmées manuellement;{n} dati estratti invece che richiesti · {m} confermati manualmente;
s6.submitTitle;Finanzierungsanfrage abschliessen;Submit financing request;Finaliser la demande de financement;Concludere la richiesta di finanziamento;
s6.submitText;Mit dem Abschluss geht der Fall an HYPOTEQ zur Bankanfrage. Das Fall-Dossier fasst alle Angaben und Dokumente für den Kreditgeber zusammen.;On submission, the case goes to HYPOTEQ for the bank request. The case dossier summarises all details and documents for the lender.;Une fois finalisé, le dossier est transmis à HYPOTEQ pour la demande auprès des banques. Le dossier récapitule toutes les informations et tous les documents pour le prêteur.;Con la conclusione, la pratica passa a HYPOTEQ per la richiesta alle banche. Il dossier riassume tutti i dati e i documenti per il creditore.;
s6.dossier;Fall-Dossier als PDF;Case dossier as PDF;Dossier en PDF;Dossier in PDF;
s6.done;Abgeschlossen;Submitted;Finalisé;Concluso;
s6.doneTitle;Anfrage {id} ist bei HYPOTEQ.;Request {id} is with HYPOTEQ.;La demande {id} est chez HYPOTEQ.;La richiesta {id} è presso HYPOTEQ.;
s6.doneSub;{name} erhält eine Bestätigung an {email}. Das Dossier ist bereit für die Bankanfrage.;{name} will receive a confirmation at {email}. The dossier is ready for the bank request.;{name} recevra une confirmation à {email}. Le dossier est prêt pour la demande auprès des banques.;{name} riceverà una conferma a {email}. Il dossier è pronto per la richiesta alle banche.;
s6.newRequest;Neuen Antrag stellen;Start a new request;Nouvelle demande;Nuova richiesta;
s6.finish;Abschliessen;Finish;Terminer;Termina;
rail.title;Deine Unterlagen;Your documents;Vos documents;I Suoi documenti;
rail.text;Dokumente werden für diese Anfrage benötigt. Die Liste wächst nur mit deinen Antworten.;documents are needed for this request. The list only grows with your answers.;documents sont nécessaires pour cette demande. La liste ne s’allonge qu’en fonction de vos réponses.;documenti sono necessari per questa richiesta. L’elenco cresce solo con le Sue risposte.;
rail.show;Anzeigen;Show;Afficher;Mostra;
rail.hide;Ausblenden;Hide;Masquer;Nascondi;
rail.plusDocs;+{n} Unterlagen;+{n} documents;+{n} documents;+{n} documenti;
rail.plusDoc;+1 Unterlage;+1 document;+1 document;+1 documento;
val.required;Bitte ausfüllen.;Please fill in.;Veuillez compléter.;Si prega di compilare.;
val.choose;Bitte eine Option wählen.;Please choose an option.;Veuillez choisir une option.;Si prega di scegliere un’opzione.;
val.email;Bitte eine gültige E-Mail-Adresse eingeben.;Please enter a valid email address.;Veuillez saisir une adresse e-mail valide.;Si prega di inserire un indirizzo e-mail valido.;
val.amount;Bitte einen Betrag in CHF eingeben.;Please enter an amount in CHF.;Veuillez saisir un montant en CHF.;Si prega di inserire un importo in CHF.;
s5.storedAs;Wird gespeichert als;Will be saved as;Sera enregistré sous;Verrà salvato come;
s5.original;Original: {name};Original: {name};Original : {name};Originale: {name};
s5.rename;Namen ändern;Rename;Renommer;Rinomina;