Bereich;Funnel-Feld;Funnel-Key;Salesforce-Objekt;API-Name;SF-Typ;Werte-Mapping;Quelle;Hinweis;Abgleich bestehendes Mapping
Case;Case Name (generiert);–;Case;Case_Name__c;Text(50);{Nachname} {Vorname} – {PLZ} {Ort};System;Pflichtfeld;
Case;Owner;–;Case;OwnerId;Lookup(User/Group);Queue «Web-Anfragen» oder HYPOTEQ-User;System;Pflichtfeld;
Case;Status;–;Case;Status;Picklist;New;System;Qualifizierung manuell → erzeugt Opportunity;
Case;Herkunft;–;Case;Origin;Picklist;Web;System;;
Einstieg;Berater-E-Mail (erkannt, VP);txt.bmail;Case;Partner_Consultant__c;Lookup(Contact);Kontakt-ID aus VP-Berater-Liste;Funnel;;
Einstieg;Vertriebspartner des Beraters;–;Case;Account__c;Lookup(Account);Account des Kontakts;System;Sales Partner;
Einstieg;Berater-E-Mail (HYPOTEQ-User);txt.bmail;Case;OwnerId;Lookup(User);User per E-Mail;Funnel;;
Einstieg;Einreicher Name;txt.pvor + txt.pnach / txt.vor + txt.nach;Case;SuppliedName;Text(80);;Funnel;Partner oder Kunde (wer einreicht);
Einstieg;Einreicher E-Mail;txt.bmail / txt.mail;Case;SuppliedEmail;email;;Funnel;;
Einstieg;Einreicher Telefon;txt.ptel;Case;SuppliedPhone;Text(40);;Funnel;;
Einstieg;Einreicher Firma;txt.pfirma;Case;SuppliedCompany;Text(80);;Funnel;nur neuer Partner;
Einstieg;Neuer Partner – Vermerk;–;Case;Comments;Textbereich(4000);«Neuer Partner – bitte prüfen und anlegen»;System;;
Antrag;Kreditantrag;ans.antrag;Case;Reason;Picklist;"Neue Hypothek → Neue Hypothek; Ablösung → Ablösung";Funnel;;
Antrag;Kreditnehmer;ans.kn;Case;Kreditnehmer__c;Picklist;"Natürliche Person → Natürliche Person; Juristische Person → Juristische Personen";Funnel;Plural in SF;
Kunde;Anrede;ans.anrede;PersonAccount;Salutation;Picklist;"Herr → Mr.; Frau → Mrs.";Funnel;für Rechnungen nötig;
Kunde;Vorname;txt.vor;PersonAccount;FirstName;Text(40);;Funnel;;
Kunde;Nachname;txt.nach;PersonAccount;LastName;Text(80);;Funnel;;
Kunde;E-Mail;txt.mail;PersonAccount;PersonEmail;email;;Funnel;;
Kunde;Telefon;–;PersonAccount;PersonMobilePhone;phone;;Funnel;nur Einstieg Kunde selbst;
Kunde;Rolle;–;PersonAccount;Rolle__pc;Picklist;Endkunde;System;;
Kunde;Kunde ↔ Case;–;Case;Client__c;Lookup(Account);Person Account;System;;
Kunde;Weitere Kreditnehmer;–;Case;Client_2__c / Client_3__c / Wie_viele_Kunden__c;Lookup / Picklist;1–3;Funnel;SF max. 3, Funnel 6 – offen;
Kunde;Korrespondenzsprache;–;Case + PersonAccount;Korrespondenzsprache__c / Korrespondenzsprache__pc;Picklist;Browsersprache, Default Deutsch;System;keine Frage;
Objekt;PLZ + Ort;txt.plz + txt.ort;Case;PLZ_Ort__c;Text(30);«8820 Wädenswil»;Funnel;;
Objekt;Ort;txt.ort;Case;City__c;Text(80);;Funnel;;
Objekt;Kanton;–;Case;Kantone__c;Picklist;aus PLZ, z.B. Canton of Zurich;System;;
Objekt;Art der Immobilie;ans.immo;Case;Art_der_Immobilie__c;Picklist;"Bestehende Immobilie → Bestehende Immobilie; Neubau → Neubau; Bauprojekt → Neubau";Funnel;;
Objekt;Neubau-Unterart;ans.immo;Case;If_Neubau__c;Picklist;"Neubau → Bereits erstellt; Bauprojekt → Bauprojekt";Funnel;;
Objekt;Art der Liegenschaft;ans.lieg;Case;Art_der_Liegenschaft__c;Picklist;"Einfamilienhaus → Einfamilienhaus; Stockwerkeigentum → Wohnung; Mehrfamilienhaus → Mehrfamilienhaus; Ferienobjekt → (kein Wert)";Funnel;Ferienobjekt offen;
Objekt;Nutzung;ans.nutz;Case;Nutzung_der_Immobilie__c;Picklist;"Selbstbewohnt → Selbstbewohnt; Vermietet → Rendite-Immobilie; Zweitwohnsitz → Zweitwohnsitz";Funnel;;
Objekt;Heizungsart;ans.heizung;Case;Waermeerzeugung__c;Picklist (NEU);"Wärmepumpe → Wärmepumpe Luft-Wasser; Fernwärme → Fernwärme; Holz / Pellets → Holz; Gas → Gas Erdgas; Öl → Öl; Unbekannt → leer";Funnel;Wärmepumpe aufteilen?;
Objekt;Baurecht;ans.baurecht;Case;Objekt_im_Baurecht__c;Checkbox (NEU);Ja → true;Funnel;;
Objekt;Bestehende Hypothek;fin.old;Case;Hypothekarvolumen__c;Währung;;Funnel;Ablösebetrag;
Objekt;Erhöhung Ja/Nein;ans.aufstockung;Case;Hypothekarbetrag__c;Checkbox;Ja → true;Funnel;Label «Erhöhung der Hypothek?»;
Objekt;Erhöhung Betrag;fin.up;Case;Erh_hung_betrag__c;Währung;;Funnel;Erh_hung__c existiert auch – klären;
Objekt;Verwendungszweck;Freitext;Case;Kommentar__c;Textbereich(1140);Präfix «Verwendungszweck:»;Funnel;;
Objekt;Kaufpreis;–;Case;Kaufpreis__c;Währung;;Funnel;synchronisiert auf Opportunity;
Objekt;Renovationen;ans.reno;Case;Gibt_es_Renovationen_oder_Zusatzkosten__c;Checkbox;;Funnel;;
Objekt;Reserviert;ans.reserviert;Case;Ist_die_Liegenschaft_bereits_reserviert__c;Checkbox;;Funnel;;
Objekt;Finanzierungsangebote;ans.angebote;Case;Bestehen_bereits_Finanzierungsangebote__c;Checkbox;;Funnel;;
Objekt;Neubau: GB/GVZ vorhanden;ans.nbDocs;Case;Dokumenten_Check_State__c;JSON;answers.nbDocs;Funnel;kein eigenes Feld;
Person;Bruttoeinkommen;fin.inc;Case;Einkommen__c;Währung;;Funnel;;
Person;Beschäftigung;ans.job;Case;If_nat_rliche_person__c;Picklist;"Angestellt → Angestellt; Selbständig → Selbständig; Pensioniert → Rentner";Funnel;;
Person;Privatkredite / Leasings;ans.kredite / ans.leasing;PersonAccount;Verbindlichkeiten_z_B_Leasing__c;Text(30);"«Privatkredit; Leasing»";Funnel;;
Person;PK vorhanden (selbständig);ans.pkSe;Case;Dokumenten_Check_State__c;JSON;answers.pkSe;Funnel;kein eigenes Feld;
Person;Ab 50 Jahre;ans.ab50;Case;Dokumenten_Check_State__c;JSON;answers.ab50;Funnel;später aus Geburtsdatum prüfbar;
Person;Kinder / Unterhalt;ans.kinder / ans.unterhalt;Case;Dokumenten_Check_State__c;JSON;answers.kinder, answers.unterhalt;Funnel;Vorschlag Unterhaltspflicht__c;
Person;Solidarbürgschaft;ans.buerge;Case;Dokumenten_Check_State__c;JSON;answers.buerge;Funnel;Vorschlag Solidarbuergschaft__c;
Finanzierung;Gesamtfinanzierung (berechnet);–;Case;Gesch_tzter_Hypothekenbedarf__c;Währung;"Ablösung: old + up; Kauf: Objektwert × 80 %";System;wird Opportunity-Hypothekarbetrag;
Finanzierung;Tragbarkeit (berechnet);–;Case;Tragbarkeit__c;Prozent;;System;;
Finanzierung;Geschätzter Objektwert;fin.val;–;(kein Feld);–;;Funnel;offen – Vorschlag Geschaetzter_Objektwert__c;
Finanzierung;Laufzeit;ans.laufzeit;Case;Hypothekarlaufzeiten__c;Picklist;"SARON → Saron; 2 Jahre → 2 Jahre; 3 Jahre → 3 Jahre; 5 Jahre → 5 Jahre; 10 Jahre → 10 Jahre; Mix → Mix";Funnel;;
Finanzierung;Säule 3a Betrag;ans.s3a + Extraktion;Case;X3_Saeule__c;Währung;Betrag aus 3a-Bescheinigung;Dokument;;
Finanzierung;Pensionskasse Betrag;ans.pk + Extraktion;Case;PK_Betrag__c;Währung;Betrag aus PK-Ausweis;Dokument;;
Finanzierung;PK Verpfändung;ans.pk;Case;Verpf_ndung_PK__c;Picklist;Ja / Nein;Funnel;;
Finanzierung;Schenkung / Erbschaft Betrag;ans.schenkung / ans.erbe + Extraktion;Case;Schenkung_usw__c;Währung;Betrag aus Vertrag;Dokument;beide teilen sich das Feld;
Finanzierung;Darlehen;ans.darlehen;Case;Dokumenten_Check_State__c;JSON;answers.darlehen;Funnel;Vorschlag Darlehen_Eigenmittel__c;
Finanzierung;Eigenmittel total;Extraktion;Case;Eigenmittel_Total__c;Währung;aus Eigenmittelnachweis;Dokument;;
Finanzierung;Kommentare;Freitext;Case;Kommentar__c;Textbereich(1140);;Funnel;;
Extraktion;Geburtsdatum;ID;PersonAccount;PersonBirthdate;Datum;;Dokument;Standard vor Geburtsdatum__c;
Extraktion;Nationalität;ID;PersonAccount;Nationalitaet__c;Text(18);;Dokument;;
Extraktion;Zivilstand;Steuererklärung;PersonAccount;Zivilstand__c;Picklist;"Ledig; Verheiratet; Geschieden; Verwitwet";Dokument;;
Extraktion;Wohnadresse;ID / Steuererklärung;PersonAccount;BillingStreet / BillingPostalCode / BillingCity;Text;;Dokument;erscheint auf Rechnungen;
Extraktion;Objektadresse;Grundbuchauszug;Case;Adresse__c;Text(30);;Dokument;;
Extraktion;Wertquote;Grundbuchauszug;Case;Wertquote__c;Zahl(8,1) (NEU);;Dokument;;
Extraktion;Baujahr;GVZ-Police / Verkaufsdoku;Case;Baujahr__c;Zahl;;Dokument;;
Extraktion;Kubatur;GVZ-Police;Case;Kubatur__c;Text(80);;Dokument;;
Extraktion;Zimmer / Wohnfläche / Stockwerk;Verkaufsdoku / Pläne;Case;Anzahl_Zimmer__c / Wohnfl_che_m2__c / Stockwerk__c;Zahl / Text;;Dokument;;
Extraktion;Energie-Zertifikat;Verkaufsdoku;Case;Energie_Zertifizierung__c;Picklist (NEU);;Dokument;;
Extraktion;Bank bestehende Hypothek;Zinsabrechnung;Case;Bank__c;Text(80);;Dokument;;
Extraktion;Zinssatz;Zinsabrechnung;Case;Zins__c;Prozent;;Dokument;;
Extraktion;Laufzeit bestehend;Zinsabrechnung;Case;Laufzeit__c;Text(80);;Dokument;;
Extraktion;Ablösedatum;Zinsabrechnung;Case;Abl_sedatum__c;Datum;;Dokument;;
Dokumente;Pass / ID erfüllt;req id;Case;Dok_Identitaetsdokument__c;Checkbox;;System;;
Dokumente;Lohnausweise erfüllt;req lohnausweise;Case;Dok_Lohnausweis__c;Checkbox;;System;;
Dokumente;PK-Ausweis erfüllt;req pk;Case;Dok_Pensionskassenausweis__c;Checkbox;;System;;
Dokumente;Steuererklärung erfüllt;req steuer;Case;Dok_Steuererklaerung__c;Checkbox;;System;;
Dokumente;Fotos erfüllt;req fotos;Case;Dok_Fotos_der_Immobilie__c;Checkbox;;System;;
Dokumente;Grundrisspläne erfüllt;req stwe_plan;Case;Dok_Grundrissplaene__c;Checkbox;;System;;
Dokumente;Grundbuchauszug erfüllt;req grundbuch;Case;Dok_Grundbuchauszug__c;Checkbox;nur wenn nicht veraltet;System;;
Dokumente;Gebäudeversicherung erfüllt;req gvz;Case;Dok_Gebaeudeversicherungsausweis__c;Checkbox;;System;;
Dokumente;Kaufvertrag erfüllt;req kaufvertrag;Case;Dok_Kaufvertrag__c;Checkbox;;System;;
Dokumente;Betreibungsauszug erfüllt;req betreibung;Case;Dok_Betreibungsregisterauszug__c;Checkbox;;System;;
Dokumente;Alle Pflichtdokumente;–;Case;Documents_completed__c;Checkbox;;System;;
Dokumente;Komplette Checkliste;–;Case;Dokumenten_Check_State__c;Textbereich(131072);JSON gemäss Spezifikation 6.11;System;;
Dokumente;Ablageort;–;Case;SharePoint_Doc__c;url;URL Fall-Ordner;System;;
Nicht mappen;Opportunity Amount / Purchase price;–;Opportunity;Amount / Purchase price;–;–;–;wird automatisch synchronisiert;
Nicht mappen;Formel- und Systemfelder;–;alle;Befüllbar = Nein;–;–;–;;